{
  "bookings": [
    {
      "id": 1001,
      "flightId": "IND-101",
      "bookingDate": "2018-02-10",
      "passengerName": "User",
      "passengerAge": 25
    },
    {
      "id": 1002,
      "flightId": "IND-101",
      "bookingDate": "2018-02-10",
      "passengerName": "User",
      "passengerAge": 25
    },
    {
      "passengerName": "Welcome",
      "bookingDate": "2018-09-25",
      "passengerAge": "25",
      "flightId": "IND-105",
      "id": 1003
    },
    {
      "passengerName": "Smith",
      "bookingDate": "2018-10-11",
      "passengerAge": "35",
      "flightId": "JET-123",
      "id": 1004
    },
    {
      "passengerName": "Smith",
      "bookingDate": "2018-10-18",
      "passengerAge": "35",
      "flightId": "IND-111",
      "id": 1005
    },
    {
      "passengerName": "John",
      "bookingDate": "2019-02-01",
      "passengerAge": "34",
      "flightId": "IND-101",
      "id": 1006
    }
  ]
}